Unique Entry ID,Category
QvQq6d4qJgCiBkMLX,Event
wkj9WzycBpxtq6CDG,Fish
Ajpkv8wXcZLqM8bMT,Fish
syoxyxWL7ymwpKpGN,Communication
weJ4f9MDdBuzLBrBM,Insect
ttRSm74XC4MzSHgnX,Insect
fsanquagmfwNCY8wW,DIY
6k5CnRgbm55m93jMT,DIY
TprrYjwsCvZbDdcvK,DIY
viHJXo8XB8C3h259Q,DIY
btjGeCA3qDRLwhuZE,DIY
YhhXqkerTwLu4ewXi,HHA
hgxFRczyFtmSmiTEG,HHA
za7CbkxtzEysWCFJg,HHA
SYs89hReg8PJPhi7b,HHA
MRjh6LGccgw56xxca,Plant
aub4aeJa7i4ps92vt,Plant
8JeajqbS7bHbJ4KPH,Plant
eeDWd35DjuJy7CsM5,Plant
tGg8gEWooCRFAn2Km,Plant
tNSnLaumH2MbDMSqK,Plant
kosAYGQuM92yWsRZx,Plant
eycL6Ntub97uvKwgB,Fish
MsKyNAx2BBitXF4SQ,Fish
gYpEcg4qf7X46Svfz,Fish
PcXyzjRR7mMRJMpWA,Fish
FLDPYLE7KWu8S9uPg,Event
kzJaqFiCaRivejX2x,Event
k6RF4XJhEdk3DWupM,Event
vmFkmQFGyKNS6gPdo,Event
ZqLiA9gGSKTBGZQgZ,Event
2Cf5yBG3NFSeozMg2,Communication
GRKenaH9cZf7SF3io,Communication
amPim5PB25MTaEnZH,Smartphone
97AnkL7nAoQsXaCR8,Smartphone
38g3QBF9r9HdzdhA5,Smartphone
usRtbx9sTQwpwKzT3,Smartphone
7rQbwihnNhEFFZmQo,Smartphone
nbEPYsfFJzwG8bozx,Smartphone
6Qsg6ca6qcXfQJvd9,Smartphone
dRgaFTqnG9WJ3nDPj,Money
SaJbYEBdon4j2HiML,Money
rQJoK5E25RSskQeW5,Money
r5mJC5k8vYuZRkXJT,Money
AzYYmDqvumcZwmqFf,Money
gvMPEpKkGPLmEeDPe,Money
uhbojHTBeM2Cnfkuh,Money
rZLyEe6QGk9G7sLTP,Communication
EJMKZDs8N5xGkfduP,Communication
WRvG4EsvYQbqJupxi,Insect
t9vayZu88rPHrY79j,Insect
ojjJY4tQvSCs3BYda,Insect
MwQQ43gFXFky4Z2hG,HHA
P82MkAcpWY9ZAQTnD,Negative
NwntrWkuaxtB8NoL9,Negative
DhKzQBem5HZytprbC,Negative
vakbzK5ihWAQR2aux,Negative
Y2kKBHN6kT7zxkTbm,Negative
EEocBnCSkNM9ukMic,LandMaking
fNCiNgcTMxFwqAzxN,LandMaking
XcwvgbKXNWiLjmJDX,LandMaking
WcKhJsbYhwKKkCLqd,LandMaking
TW2jrhLDvtDhjZAKx,LandMaking
umpcvH5jtsWEir4rR,LandMaking
NyFc3PaM4omZLfuic,LandMaking
nSkcG8gSanouEFg9x,Communication
GfHAM2edJCAAN9xsF,Communication
aNZ2t8CH7dgpRefc3,Communication
YTpzbNPue2fAe3FdS,Communication
ZD7xtJZTo9mGk9tTk,Communication
5TKJXZPvrkPLiQ6XC,Communication
6vc2Rm2s3rE9EFZoM,Event
Z2C4JGKnsPJqhyDFM,Fish
HQJJaicSZQ79LstpA,Insect
PTMwJTvnX3A4gxjN9,Event
NBmsw6tCLZzWXcGcK,MyDesign
44KNAwCSGuatXHYeh,MyDesign
ch29owdtPq5Jd73xx,MyDesign
ps4e4DFg2pnHvdvRm,Money
o37WLZhgDMnMbDbPx,Plant
B9uYNJkiP5jqkn3SX,HHA
JofcHyqspqdvy92rH,Communication
YdeZW248LnovzB7EB,Communication
QgGe5XTYJhjfgbMHW,Event
